period,product,price,log_price,normalized_price
2024-11-01,WTI Crude Oil,69.95,4.24778070111149,0.7515186521367185
2024-11-01,UK Brent Crude Oil,74.35,4.308783672906164,0.774868868590074
2024-10-01,WTI Crude Oil,71.99,4.276527220481212,0.7625220086915901
2024-10-01,UK Brent Crude Oil,75.63,4.325853029867938,0.7814025368369022
2024-09-01,UK Brent Crude Oil,74.02,4.30433532695801,0.7731661672676138
2024-09-01,WTI Crude Oil,70.24,4.251917949326861,0.7531022740244412
2024-08-01,UK Brent Crude Oil,80.36,4.386516539946734,0.8046228169230583
2024-08-01,WTI Crude Oil,76.68,4.339640918177444,0.7866801514676334
2024-07-01,UK Brent Crude Oil,85.15,4.444414407108697,0.826784486931035
2024-07-01,WTI Crude Oil,81.8,4.404277243608702,0.8114211131809311
2024-06-01,WTI Crude Oil,79.77,4.379147493923038,0.8018021540168775
2024-06-01,UK Brent Crude Oil,82.25,4.409763389645481,0.8135210550966249
2024-05-01,UK Brent Crude Oil,81.75,4.403665809777363,0.811187073561407
2024-05-01,WTI Crude Oil,80.02,4.382276603429089,0.8029998888504929
2024-04-01,WTI Crude Oil,85.35,4.4467604492404496,0.8276824856673833
2024-04-01,UK Brent Crude Oil,89.94,4.499142781342561,0.8477329644708219
2024-03-01,WTI Crude Oil,81.28,4.397899983830172,0.8089800780669508
2024-03-01,UK Brent Crude Oil,85.41,4.4474631899580555,0.8279514749868203
2024-02-01,UK Brent Crude Oil,83.48,4.4246070822090005,0.819202801807127
2024-02-01,WTI Crude Oil,77.25,4.347046915777855,0.7895149583948221
2024-01-01,WTI Crude Oil,74.15,4.306090068583941,0.7738378328534007
2024-01-01,UK Brent Crude Oil,80.12,4.383525510797617,0.8034779353542514
2023-12-01,UK Brent Crude Oil,77.63,4.351953950417589,0.7913932328068878
2023-12-01,WTI Crude Oil,71.9,4.275276264727001,0.762043178123586
2023-11-01,WTI Crude Oil,77.69,4.3527265489623295,0.7916889617315697
2023-11-01,UK Brent Crude Oil,82.94,4.418117454818235,0.8167187555415445
2023-10-01,WTI Crude Oil,85.64,4.450152463721482,0.8289808531077698
2023-10-01,UK Brent Crude Oil,90.6,4.506454213048934,0.850531574241873
2023-09-01,WTI Crude Oil,89.43,4.49345619635809,0.8455563001811749
2023-09-01,UK Brent Crude Oil,93.72,4.540311613639595,0.8634912319287291
2023-08-01,UK Brent Crude Oil,86.15,4.456089962973938,0.8312535602998579
2023-08-01,WTI Crude Oil,81.39,4.3992524153389505,0.8094977506907471
2023-07-01,WTI Crude Oil,76.07,4.33165396900921,0.7836229726713623
2023-07-01,UK Brent Crude Oil,80.11,4.383400690227026,0.8034301575615407
2023-06-01,WTI Crude Oil,70.25,4.2520603082138555,0.7531567649898414
2023-06-01,UK Brent Crude Oil,74.84,4.315352501405889,0.777383230805571
2023-05-01,UK Brent Crude Oil,75.47,4.323735226296777,0.7805919013819814
2023-05-01,WTI Crude Oil,71.58,4.2708157053378795,0.7603358018405156
2023-04-01,UK Brent Crude Oil,84.64,4.438406968109989,0.8244850087773755
2023-04-01,WTI Crude Oil,79.45,4.375127892982725,0.8002635641867241
2023-03-01,WTI Crude Oil,73.28,4.294287720365875,0.7693202269492604
2023-03-01,UK Brent Crude Oil,78.43,4.362206507224575,0.7953176222849812
2023-02-01,UK Brent Crude Oil,82.59,4.413888607822626,0.8151000722251325
2023-02-01,WTI Crude Oil,76.83,4.341595188879544,0.7874281911542258
2023-01-01,UK Brent Crude Oil,82.5,4.412798293340635,0.81468273060377
2023-01-01,WTI Crude Oil,78.12,4.358246106008478,0.7938016924389851
2022-12-01,UK Brent Crude Oil,80.92,4.393461012299545,0.8072809650070282
2022-12-01,WTI Crude Oil,76.44,4.336506119372072,0.785480238930757
2022-11-01,WTI Crude Oil,84.37,4.435211888177536,0.8232620223258356
2022-11-01,UK Brent Crude Oil,91.42,4.515464272903598,0.853980370942667
2022-10-01,UK Brent Crude Oil,93.33,4.536141599577656,0.861895068199402
2022-10-01,WTI Crude Oil,87.55,4.472210058731861,0.8374238781404908
2022-09-01,UK Brent Crude Oil,89.76,4.497139441774387,0.8469661426067348
2022-09-01,WTI Crude Oil,84.26,4.433907256550871,0.8227626461482772
2022-08-01,WTI Crude Oil,93.67,4.539777967221039,0.8632869671361091
2022-08-01,UK Brent Crude Oil,100.45,4.609660091260944,0.8900358725508201
2022-07-01,WTI Crude Oil,101.62,4.621240366165586,0.8944684750562012
2022-07-01,UK Brent Crude Oil,111.93,4.717873675901176,0.9314569795920931
2022-06-01,WTI Crude Oil,114.84,4.743539855252863,0.9412812688973704
2022-06-01,UK Brent Crude Oil,122.71,4.809823847988456,0.9666529111671635
2022-05-01,WTI Crude Oil,109.55,4.696381066041475,0.9232302149344513
2022-05-01,UK Brent Crude Oil,113.34,4.730392150741473,0.9362486985622883
2022-04-01,WTI Crude Oil,101.78,4.622813621160686,0.8950706726802049
2022-04-01,UK Brent Crude Oil,104.58,4.649952328759984,0.9054586042524707
2022-03-01,WTI Crude Oil,108.5,4.686750172980514,0.9195437807985952
2022-03-01,UK Brent Crude Oil,117.25,4.764308407326388,0.9492308846631705
2022-02-01,UK Brent Crude Oil,97.13,4.5760502874142395,0.8771709879118084
2022-02-01,WTI Crude Oil,91.64,4.517867857585295,0.8549003953436174
2022-01-01,WTI Crude Oil,83.22,4.421487703554795,0.8180087916690498
2022-01-01,UK Brent Crude Oil,86.51,4.460260014192283,0.8328497382516085
2021-12-01,UK Brent Crude Oil,74.17,4.306359755748467,0.7739410614909752
2021-12-01,WTI Crude Oil,71.71,4.272630207894483,0.7610303422244574
2021-11-01,WTI Crude Oil,79.15,4.371344786327021,0.7988154976962234
2021-11-01,UK Brent Crude Oil,81.05,4.395066248181685,0.8078954040122758
2021-10-01,WTI Crude Oil,81.48,4.400357591358605,0.809920780889421
2021-10-01,UK Brent Crude Oil,83.54,4.425325559069029,0.8194778144779009
2021-09-01,UK Brent Crude Oil,74.49,4.310664888188185,0.7755889447230601
2021-09-01,WTI Crude Oil,71.65,4.271793154274181,0.7607099417153984
2021-08-01,UK Brent Crude Oil,70.61,4.257171777528256,0.7551132912274099
2021-08-01,WTI Crude Oil,67.7,4.215086179918229,0.7390041118734829
2021-07-01,WTI Crude Oil,72.49,4.283448621312786,0.765171325648175
2021-07-01,UK Brent Crude Oil,75.17,4.319752215189378,0.7790673171075148
2021-06-01,WTI Crude Oil,71.38,4.268017718062014,0.7592648112542684
2021-06-01,UK Brent Crude Oil,73.16,4.292648823522665,0.768692903477832
2021-05-01,UK Brent Crude Oil,68.53,4.227271605597732,0.7436683490216396
2021-05-01,WTI Crude Oil,65.17,4.176999240344289,0.7244255059968586
2021-04-01,UK Brent Crude Oil,64.81,4.171459912439625,0.7223052075626222
2021-04-01,WTI Crude Oil,61.72,4.12260802749496,0.7036060843223352
2021-03-01,UK Brent Crude Oil,65.41,4.180675151973121,0.7258325412554939
2021-03-01,WTI Crude Oil,62.33,4.132442850820759,0.7073705772098435
2021-02-01,WTI Crude Oil,59.04,4.078215180292217,0.6866137549215028
2021-02-01,UK Brent Crude Oil,62.28,4.131640346965797,0.7070634013761633
2021-01-01,UK Brent Crude Oil,54.77,4.00314259879563,0.6578780888369445
2021-01-01,WTI Crude Oil,52.0,3.9512437185814275,0.6380126617759925
2020-12-01,WTI Crude Oil,47.02,3.8505730431119236,0.599478767548176
2020-12-01,UK Brent Crude Oil,49.99,3.911822985425479,0.6229235173480854
2020-11-01,UK Brent Crude Oil,42.69,3.7539647007698704,0.562499819826095
2020-11-01,WTI Crude Oil,40.94,3.7121075802331434,0.5464780950495308
2020-10-01,WTI Crude Oil,39.4,3.673765816303888,0.5318019495993555
2020-10-01,UK Brent Crude Oil,40.19,3.6936182084611096,0.5394008851979077
2020-09-01,UK Brent Crude Oil,40.91,3.711374531941307,0.5461975048457822
2020-09-01,WTI Crude Oil,39.63,3.679586407202344,0.534029907572007
2020-08-01,UK Brent Crude Oil,44.74,3.8008679560619836,0.580453062614399
2020-08-01,WTI Crude Oil,42.34,3.745732265706719,0.5593486759554359
2020-07-01,WTI Crude Oil,40.71,3.7064737625148876,0.5443216285806053
2020-07-01,UK Brent Crude Oil,43.24,3.7667659927710075,0.5673997932260018
2020-06-01,UK Brent Crude Oil,40.27,3.695606774863363,0.5401620523108932
2020-06-01,WTI Crude Oil,38.31,3.6457109587125576,0.5210633416585727
2020-05-01,WTI Crude Oil,28.56,3.3520071374713836,0.40864180550387263
2020-05-01,UK Brent Crude Oil,29.38,3.380314170745731,0.4194769391811809
2020-04-01,UK Brent Crude Oil,18.38,2.911263116927541,0.2399374296767349
2020-04-01,WTI Crude Oil,16.55,2.806386101823072,0.1997934673151339
2020-03-01,UK Brent Crude Oil,32.01,3.4660483539817717,0.45229356560310846
2020-03-01,WTI Crude Oil,29.21,3.3745111163996495,0.4172556937059986
2020-02-01,UK Brent Crude Oil,55.66,4.019261756097745,0.6640480474631719
2020-02-01,WTI Crude Oil,50.54,3.922765101960048,0.6271118508345261
2020-01-01,WTI Crude Oil,57.52,4.052132713412791,0.6766301224958242
2020-01-01,UK Brent Crude Oil,63.65,4.153399325003416,0.7153921242569485
2019-12-01,UK Brent Crude Oil,67.31,4.209308814022622,0.7367926992123633
2019-12-01,WTI Crude Oil,59.88,4.092342559551428,0.6920213171093178
2019-11-01,UK Brent Crude Oil,63.21,4.146462516484207,0.7127369096722528
2019-11-01,WTI Crude Oil,57.03,4.043577445168448,0.6733554071918825
2019-10-01,UK Brent Crude Oil,59.71,4.089499510558901,0.6909330781693127
2019-10-01,WTI Crude Oil,53.96,3.988243031339555,0.6521749547940371
2019-09-01,UK Brent Crude Oil,62.83,4.140432666414855,0.7104288531930611
2019-09-01,WTI Crude Oil,56.95,4.0421736898931915,0.6728180892783372
2019-08-01,WTI Crude Oil,54.81,4.003872659058025,0.6581575353073279
2019-08-01,UK Brent Crude Oil,59.04,4.078215180292217,0.6866137549215028
2019-07-01,UK Brent Crude Oil,63.92,4.157632301458019,0.7170123882137542
2019-07-01,WTI Crude Oil,57.35,4.04917284357538,0.6754971678324031
2019-06-01,WTI Crude Oil,54.66,4.001132180499922,0.657108557435678
2019-06-01,UK Brent Crude Oil,64.22,4.162314688661368,0.7188046739254181
2019-05-01,UK Brent Crude Oil,71.32,4.267176792994939,0.7589429288646147
2019-05-01,WTI Crude Oil,60.83,4.108083088332614,0.6980463474204321
2019-04-01,UK Brent Crude Oil,71.23,4.265914077990263,0.7584595971873099
2019-04-01,WTI Crude Oil,63.86,4.156693187286636,0.7166529218052976
2019-03-01,UK Brent Crude Oil,66.14,4.191773707553646,0.7300807551949251
2019-03-01,WTI Crude Oil,58.15,4.063025878964673,0.6807997189272047
2019-02-01,WTI Crude Oil,54.95,4.006423680849631,0.6591339944741321
2019-02-01,UK Brent Crude Oil,63.96,4.158257887965753,0.7172518450784962
2019-01-01,WTI Crude Oil,51.38,3.9392489916817377,0.633421418740336
2019-01-01,UK Brent Crude Oil,59.41,4.08446256236765,0.6890050765151322
2018-12-01,WTI Crude Oil,49.52,3.9023766283763406,0.6193077183910202
2018-12-01,UK Brent Crude Oil,57.36,4.0493471962913645,0.6755639051328608
2018-11-01,WTI Crude Oil,56.96,4.04234926710372,0.6728852952807582
2018-11-01,UK Brent Crude Oil,64.75,4.1705337005796475,0.7219506797949434
2018-10-01,UK Brent Crude Oil,81.03,4.394819456472634,0.80780093910908
2018-10-01,WTI Crude Oil,70.75,4.259152536523347,0.7558714698852134
2018-09-01,WTI Crude Oil,70.23,4.251775570170929,0.7530477753006635
2018-09-01,UK Brent Crude Oil,78.89,4.368054477106998,0.7975560601602194
2018-08-01,WTI Crude Oil,68.06,4.22038966907276,0.7410341378881685
2018-08-01,UK Brent Crude Oil,72.53,4.284000269375321,0.7653824809622083
2018-07-01,UK Brent Crude Oil,74.25,4.307437777682809,0.774353697871922
2018-07-01,WTI Crude Oil,70.98,4.2623981472183505,0.7571137980869729
2018-06-01,UK Brent Crude Oil,74.41,4.309590341409169,0.7751776385335234
2018-06-01,WTI Crude Oil,67.87,4.217594110715667,0.7399640770234975
2018-05-01,UK Brent Crude Oil,76.98,4.3435456478556,0.7881747718196332
2018-05-01,WTI Crude Oil,69.98,4.248209486939542,0.7516827792538505
2018-04-01,UK Brent Crude Oil,72.11,4.2781927309286685,0.7631595190998427
2018-04-01,WTI Crude Oil,66.25,4.193435464866331,0.7307168290090786
2018-03-01,UK Brent Crude Oil,66.02,4.189957726425047,0.7293856488553401
2018-03-01,WTI Crude Oil,62.73,4.138839802108651,0.7098191496780278
2018-02-01,UK Brent Crude Oil,65.32,4.179298268102264,0.7253055089573976
2018-02-01,WTI Crude Oil,62.23,4.130837198581126,0.7067559788346951
2018-01-01,UK Brent Crude Oil,69.08,4.235265253278478,0.7467280918195075
2018-01-01,WTI Crude Oil,63.7,4.154184562578117,0.7156926910456995
2017-12-01,UK Brent Crude Oil,64.37,4.164647686064525,0.7196976795077065
2017-12-01,WTI Crude Oil,57.88,4.058371901763283,0.6790183077627254
2017-11-01,WTI Crude Oil,56.64,4.036715449385464,0.6707288288118326
2017-11-01,UK Brent Crude Oil,62.71,4.138520924554929,0.709697092347336
2017-10-01,UK Brent Crude Oil,57.51,4.051958845725663,0.6765635708507279
2017-10-01,WTI Crude Oil,51.58,3.9431340004531985,0.6349084904856622
2017-09-01,UK Brent Crude Oil,56.15,4.0280266811844525,0.667403013491072
2017-09-01,WTI Crude Oil,49.82,3.9084165098340344,0.6216196146026417
2017-08-01,UK Brent Crude Oil,51.7,3.9454577815143836,0.6357979683122755
2017-08-01,WTI Crude Oil,48.04,3.872033997211783,0.6076934152740922
2017-07-01,UK Brent Crude Oil,48.48,3.881151341761059,0.6111832775290323
2017-07-01,WTI Crude Oil,46.63,3.8422441108202294,0.5962906872610221
2017-06-01,UK Brent Crude Oil,46.37,3.8366526984033693,0.5941504523450395
2017-06-01,WTI Crude Oil,45.18,3.810654511039857,0.5841990797401739
2017-05-01,WTI Crude Oil,48.48,3.881151341761059,0.6111832775290323
2017-05-01,UK Brent Crude Oil,50.33,3.9186013207882686,0.6255180728796963
2017-04-01,UK Brent Crude Oil,52.31,3.95718755738252,0.640287795568433
2017-04-01,WTI Crude Oil,51.06,3.9330014118133376,0.6310300214371393
2017-03-01,UK Brent Crude Oil,51.59,3.9433278552565585,0.6349826926349315
2017-03-01,WTI Crude Oil,49.33,3.8985324152456466,0.6178362620659633
2017-02-01,UK Brent Crude Oil,54.87,4.004966751070884,0.6585763228609266
2017-02-01,WTI Crude Oil,53.47,3.97912074896064,0.6486832024772279
2017-01-01,UK Brent Crude Oil,54.58,3.9996675152801924,0.6565479249139133
2017-01-01,WTI Crude Oil,52.5,3.960813169597578,0.641675577630633
2016-12-01,WTI Crude Oil,51.97,3.9506666290203505,0.6377917681741286
2016-12-01,UK Brent Crude Oil,53.31,3.9761239308346696,0.6475361050514126
2016-11-01,WTI Crude Oil,45.66,3.821222641101649,0.5882442617565623
2016-11-01,UK Brent Crude Oil,44.73,3.8006444174447567,0.5803674983386863
2016-10-01,UK Brent Crude Oil,49.52,3.9023766283763406,0.6193077183910202
2016-10-01,WTI Crude Oil,49.78,3.907613296939446,0.6213121673685972
2016-09-01,WTI Crude Oil,45.18,3.810654511039857,0.5841990797401739
2016-09-01,UK Brent Crude Oil,46.57,3.840956556994286,0.5957978479837437
2016-08-01,UK Brent Crude Oil,45.84,3.8251570724064843,0.5897502510532473
2016-08-01,WTI Crude Oil,44.72,3.8004208288468435,0.5802819149317772
2016-07-01,WTI Crude Oil,44.65,3.798854307322508,0.5796822946904027
2016-07-01,UK Brent Crude Oil,44.95,3.8055507609176296,0.5822455081915783
2016-06-01,UK Brent Crude Oil,48.25,3.876395827784995,0.6093630009519861
2016-06-01,WTI Crude Oil,48.76,3.8869103046130706,0.6133876460242906
2016-05-01,WTI Crude Oil,46.71,3.8439582745140166,0.5969468207592579
2016-05-01,UK Brent Crude Oil,46.74,3.844600329110712,0.5971925811438201
2016-04-01,WTI Crude Oil,40.75,3.7074558396868715,0.5446975400135254
2016-04-01,UK Brent Crude Oil,41.58,3.727619282429867,0.5524155370002705
2016-03-01,UK Brent Crude Oil,38.21,3.6430972614588084,0.5200628920931974
2016-03-01,WTI Crude Oil,37.55,3.6256733782101436,0.5133935211864207
2016-02-01,UK Brent Crude Oil,32.18,3.471345141564237,0.4543210264450869
2016-02-01,WTI Crude Oil,30.32,3.411807560774171,0.4315317203234699
2016-01-01,UK Brent Crude Oil,30.7,3.4242626545931514,0.43629917882694946
2016-01-01,WTI Crude Oil,31.68,3.455685566946225,0.448326983103579
2015-12-01,WTI Crude Oil,37.19,3.6160399079369787,0.5097061005664467
2015-12-01,UK Brent Crude Oil,38.01,3.6378492830011573,0.5180541140070879
2015-11-01,UK Brent Crude Oil,44.27,3.7903072467440495,0.5764107210493892
2015-11-01,WTI Crude Oil,42.44,3.7480913137457823,0.5602516529861516
2015-10-01,WTI Crude Oil,46.22,3.8334126048462345,0.5929102359479946
2015-10-01,UK Brent Crude Oil,48.43,3.880119456415138,0.6107883009324264
2015-09-01,UK Brent Crude Oil,47.62,3.8632528410587166,0.6043322364519365
2015-09-01,WTI Crude Oil,45.48,3.8172726688823353,0.586732323836289
2015-08-01,WTI Crude Oil,42.87,3.7581722806098856,0.5641103626753814
2015-08-01,UK Brent Crude Oil,46.52,3.839882327650464,0.595386663299443
2015-07-01,WTI Crude Oil,50.9,3.929862923556477,0.6298286966823278
2015-07-01,UK Brent Crude Oil,56.56,4.0353020215883175,0.6701878085298102
2015-06-01,WTI Crude Oil,59.82,4.091340053201802,0.691637585963589
2015-06-01,UK Brent Crude Oil,61.48,4.118711918670395,0.7021147637898598
2015-05-01,WTI Crude Oil,59.27,4.082103275799747,0.6881020081823065
2015-05-01,UK Brent Crude Oil,64.08,4.160132302760104,0.7179693181766721
2015-04-01,UK Brent Crude Oil,59.52,4.086312390524837,0.689713138542294
2015-04-01,WTI Crude Oil,54.45,3.9972828493789696,0.6556351420883503
2015-03-01,UK Brent Crude Oil,55.89,4.023385473281607,0.6656264900538003
2015-03-01,WTI Crude Oil,47.82,3.867443962030179,0.6059364793107145
2015-02-01,UK Brent Crude Oil,58.1,4.062165663857866,0.6804704528545942
2015-02-01,WTI Crude Oil,50.58,3.923556241241819,0.6274146766302313
2015-01-01,UK Brent Crude Oil,47.76,3.8661884690843467,0.6054559120337707
2015-01-01,WTI Crude Oil,47.22,3.8548175316573667,0.6011034380085508
2014-12-01,WTI Crude Oil,59.29,4.0824406577192764,0.6882311484621437
2014-12-01,UK Brent Crude Oil,62.34,4.132603274339191,0.7074319828064791
2014-11-01,WTI Crude Oil,75.79,4.327966357823938,0.7822114591526153
2014-11-01,UK Brent Crude Oil,79.44,4.375002019736917,0.8002153834596408
2014-10-01,WTI Crude Oil,84.4,4.4355674016019115,0.823398102834162
2014-10-01,UK Brent Crude Oil,87.43,4.470838473192799,0.8368988738943178
2014-09-01,WTI Crude Oil,93.21,4.5348550120730655,0.8614025988026736
2014-09-01,UK Brent Crude Oil,97.09,4.575638383382054,0.8770133226698278
2014-08-01,UK Brent Crude Oil,101.61,4.62114195549779,0.8944308062291465
2014-08-01,WTI Crude Oil,96.54,4.569957430232347,0.874838814087631
2014-07-01,UK Brent Crude Oil,106.77,4.670676988190211,0.9133914191528116
2014-07-01,WTI Crude Oil,103.59,4.640440800070011,0.9018178594300591
2014-06-01,WTI Crude Oil,105.79,4.661455996998683,0.9098618838875238
2014-06-01,UK Brent Crude Oil,111.8,4.716711560720999,0.9310121546892637
2014-05-01,UK Brent Crude Oil,109.54,4.696289779355575,0.923195272966669
2014-05-01,WTI Crude Oil,102.18,4.626735963902652,0.8965720348160925
2014-04-01,WTI Crude Oil,102.07,4.625658852415407,0.8961597469286071
2014-04-01,UK Brent Crude Oil,107.76,4.679906532102109,0.9169242281581491
2014-03-01,WTI Crude Oil,100.8,4.613138355637268,0.8913672540176533
2014-03-01,UK Brent Crude Oil,107.48,4.6773047837472905,0.9159283522941559
2014-02-01,UK Brent Crude Oil,108.9,4.690430029938915,0.9209523262180749
2014-02-01,WTI Crude Oil,100.82,4.6133367486544845,0.8914431932671447
2014-01-01,UK Brent Crude Oil,108.12,4.683241721408247,0.9182008445248625
2014-01-01,WTI Crude Oil,94.62,4.549868870203002,0.867149480090916
2013-12-01,WTI Crude Oil,97.63,4.58118482323758,0.8791363433581962
2013-12-01,UK Brent Crude Oil,110.76,4.707365698302761,0.9274348222415323
2013-11-01,UK Brent Crude Oil,107.79,4.680184889793537,0.9170307756287901
2013-11-01,WTI Crude Oil,93.86,4.541804310366271,0.8640625941204665
2013-10-01,UK Brent Crude Oil,109.08,4.692081557977388,0.9215844845546709
2013-10-01,WTI Crude Oil,100.54,4.610555658264429,0.8903786703320539
2013-09-01,WTI Crude Oil,106.29,4.66617120754549,0.9116667334489793
2013-09-01,UK Brent Crude Oil,111.6,4.71492104994721,0.9303267976828749
2013-08-01,WTI Crude Oil,106.57,4.668802046232865,0.9126737442715147
2013-08-01,UK Brent Crude Oil,111.28,4.712049547615187,0.9292276676072987
2013-07-01,UK Brent Crude Oil,107.93,4.681482868837255,0.9175276053852937
2013-07-01,WTI Crude Oil,104.67,4.650812543866793,0.9057878703250816
2013-06-01,UK Brent Crude Oil,102.92,4.6339519874135435,0.8993341250217788
2013-06-01,WTI Crude Oil,95.77,4.561949483533528,0.8717735980290802
2013-05-01,UK Brent Crude Oil,102.56,4.63044799317236,0.8979928948886249
2013-05-01,WTI Crude Oil,94.51,4.548705649006965,0.8667042318364206
2013-04-01,WTI Crude Oil,92.02,4.522005944727322,0.8564843383487944
2013-04-01,UK Brent Crude Oil,102.25,4.627420794922911,0.8968341688086929
2013-03-01,UK Brent Crude Oil,108.47,4.686473637052126,0.9194379306474464
2013-03-01,WTI Crude Oil,92.94,4.531954123656832,0.8602922205631663
2013-02-01,UK Brent Crude Oil,116.05,4.754021132720446,0.9452932061911713
2013-02-01,WTI Crude Oil,95.31,4.557134736949535,0.869930648880919
2013-01-01,WTI Crude Oil,94.76,4.5513473792905845,0.8677154116547011
2013-01-01,UK Brent Crude Oil,112.96,4.727033773744932,0.9349632066019106
2012-12-01,UK Brent Crude Oil,109.49,4.6958332208853335,0.9230205152656896
2012-12-01,WTI Crude Oil,87.86,4.475744638547633,0.8387768155686499
2012-11-01,UK Brent Crude Oil,109.06,4.691898189497915,0.9215142962743226
2012-11-01,WTI Crude Oil,86.53,4.460491174618648,0.832938219940816
2012-10-01,WTI Crude Oil,89.49,4.494126887194767,0.8458130217104539
2012-10-01,UK Brent Crude Oil,111.71,4.715906227582757,0.9307038958857696
2012-09-01,UK Brent Crude Oil,112.86,4.726148112540994,0.9346242004812595
2012-09-01,WTI Crude Oil,94.51,4.548705649006965,0.8667042318364206
2012-08-01,UK Brent Crude Oil,113.36,4.730568595382425,0.9363162365926015
2012-08-01,WTI Crude Oil,94.13,4.544676805559129,0.8651621042351574
2012-07-01,UK Brent Crude Oil,102.62,4.631032845513819,0.8982167598637985
2012-07-01,WTI Crude Oil,87.9,4.476199804691132,0.8389510403262356
2012-06-01,WTI Crude Oil,82.3,4.410371107683024,0.813753672415122
2012-06-01,UK Brent Crude Oil,95.16,4.555559685434757,0.86932776359987
2012-05-01,UK Brent Crude Oil,110.34,4.703566507844284,0.9259805993251219
2012-05-01,WTI Crude Oil,94.66,4.5502915244781015,0.8673112602225745
2012-04-01,UK Brent Crude Oil,119.75,4.785406236291025,0.9573065383326063
2012-04-01,WTI Crude Oil,103.32,4.6378309682276395,0.9008188894350997
2012-03-01,WTI Crude Oil,106.16,4.664947390023952,0.9111982906307589
2012-03-01,UK Brent Crude Oil,125.45,4.8319072728124315,0.9751058231237619
2012-02-01,UK Brent Crude Oil,119.33,4.781892764381564,0.9559616804154407
2012-02-01,WTI Crude Oil,102.2,4.626931677769604,0.8966469485624529
2012-01-01,WTI Crude Oil,100.27,4.607866547535834,0.8893493546162378
2012-01-01,UK Brent Crude Oil,110.69,4.706733501397532,0.9271928351031365
2011-12-01,UK Brent Crude Oil,107.87,4.680926798387338,0.9173147573061444
2011-12-01,WTI Crude Oil,98.56,4.59066549978521,0.8827652788509872
2011-11-01,UK Brent Crude Oil,110.77,4.7074559795288415,0.9274693793476639
2011-11-01,WTI Crude Oil,97.16,4.576359104133972,0.8772891942391072
2011-10-01,WTI Crude Oil,86.32,4.458061320949879,0.8320081405127727
2011-10-01,UK Brent Crude Oil,109.55,4.696381066041475,0.9232302149344513
2011-09-01,WTI Crude Oil,85.52,4.4487502667167895,0.8284441316562311
2011-09-01,UK Brent Crude Oil,112.83,4.725882261150355,0.9345224400697056
2011-08-01,UK Brent Crude Oil,110.22,4.70247836845509,0.9255640902679134
2011-08-01,WTI Crude Oil,86.33,4.4581771622474315,0.832052481293107
2011-07-01,UK Brent Crude Oil,116.97,4.761917491662616,0.9483157096048354
2011-07-01,WTI Crude Oil,97.3,4.577798989191959,0.8778403416141093
2011-06-01,UK Brent Crude Oil,113.83,4.734706107337125,0.9378999594322982
2011-06-01,WTI Crude Oil,96.26,4.567052863874963,0.8737270280360214
2011-05-01,WTI Crude Oil,100.9,4.6141299273595635,0.8917467996965516
2011-05-01,UK Brent Crude Oil,114.99,4.744845168060573,0.9417809058118137
2011-04-01,WTI Crude Oil,109.53,4.696198484335655,0.923160327808859
2011-04-01,UK Brent Crude Oil,123.26,4.814295945534097,0.9683647039310096
2011-03-01,UK Brent Crude Oil,114.64,4.741796783519916,0.9406140702173613
2011-03-01,WTI Crude Oil,102.86,4.63336884034677,0.8991109127776419
2011-02-01,UK Brent Crude Oil,103.72,4.641694960670463,0.9022979167227825
2011-02-01,WTI Crude Oil,88.58,4.483906098495052,0.8419007921675125
2011-01-01,UK Brent Crude Oil,96.52,4.569750240756831,0.8747595078020876
2011-01-01,WTI Crude Oil,89.17,4.490544660146788,0.8444418462661343
2010-12-01,WTI Crude Oil,89.15,4.49032034430915,0.8443559844923769
2010-12-01,UK Brent Crude Oil,91.45,4.515792374836875,0.8541059591055938
2010-11-01,UK Brent Crude Oil,85.28,4.445939960417534,0.8273684256954017
2010-11-01,WTI Crude Oil,84.25,4.433788569232471,0.8227172159914606
2010-10-01,UK Brent Crude Oil,82.67,4.414856779264584,0.8154706609369375
2010-10-01,WTI Crude Oil,81.89,4.405376883282097,0.8118420242224603
2010-09-01,WTI Crude Oil,75.24,4.32068300443283,0.7794235969684405
2010-09-01,UK Brent Crude Oil,77.84,4.354655437877749,0.7924272859863475
2010-08-01,UK Brent Crude Oil,77.04,4.34432476748987,0.7884729968333998
2010-08-01,WTI Crude Oil,76.6,4.338597076746545,0.7862805984190295
2010-07-01,UK Brent Crude Oil,75.58,4.325191697921343,0.7811493976266932
2010-07-01,WTI Crude Oil,76.32,4.334935027140031,0.7848788691514319
2010-06-01,UK Brent Crude Oil,74.76,4.314282982587362,0.7769738491774497
2010-06-01,WTI Crude Oil,75.34,4.322011202263895,0.7799319936241418
2010-05-01,WTI Crude Oil,73.74,4.300545392805998,0.7717154874041587
2010-05-01,UK Brent Crude Oil,75.95,4.330075229041782,0.7830186755547056
2010-04-01,WTI Crude Oil,84.29,4.434263234009391,0.8228989042757819
2010-04-01,UK Brent Crude Oil,84.82,4.4405313640464446,0.8252981676037328
2010-03-01,UK Brent Crude Oil,78.83,4.367293635071817,0.7972648312956963
2010-03-01,WTI Crude Oil,81.2,4.396915247167632,0.8086031486560813
2010-02-01,UK Brent Crude Oil,73.75,4.300680995219929,0.771767392182299
2010-02-01,WTI Crude Oil,76.39,4.335851797553269,0.7852297829996814
2010-01-01,UK Brent Crude Oil,76.17,4.3329676843846965,0.7841258258516788
2010-01-01,WTI Crude Oil,78.33,4.360930671379148,0.7948292683200309
2009-12-01,UK Brent Crude Oil,74.46,4.310262068444571,0.7754347566904385
2009-12-01,WTI Crude Oil,74.47,4.310396359722554,0.7754861596027304
2009-11-01,UK Brent Crude Oil,76.66,4.339380059952409,0.7865803022989944
2009-11-01,WTI Crude Oil,77.99,4.356580613342406,0.7931641888369452
2009-10-01,WTI Crude Oil,75.72,4.327042326341122,0.7818577659717962
2009-10-01,UK Brent Crude Oil,72.77,4.287303782358995,0.7666469725264043
2009-09-01,UK Brent Crude Oil,67.65,4.214347354616797,0.7387213103934548
2009-09-01,WTI Crude Oil,69.41,4.2400309493514925,0.7485522658159866
2009-08-01,UK Brent Crude Oil,72.51,4.2837244833835015,0.7652769178656191
2009-08-01,WTI Crude Oil,71.05,4.263383854543109,0.7574910990399534
2009-07-01,UK Brent Crude Oil,64.44,4.165734558308774,0.7201137035375813
2009-07-01,WTI Crude Oil,64.15,4.161224091061645,0.7183872239345758
2009-06-01,UK Brent Crude Oil,68.61,4.2284382967028,0.744114925459411
2009-06-01,WTI Crude Oil,69.64,4.243339114899988,0.7498185382507279
2009-05-01,UK Brent Crude Oil,57.3,4.048300623720694,0.6751633066810091
2009-05-01,WTI Crude Oil,59.03,4.078045789252598,0.6865489168107682
2009-04-01,UK Brent Crude Oil,50.18,3.9156165409382764,0.6243755833662753
2009-04-01,WTI Crude Oil,49.65,3.9049983904911816,0.6203112549576779
2009-03-01,UK Brent Crude Oil,46.54,3.8403121578741457,0.5955511901817554
2009-03-01,WTI Crude Oil,47.94,3.869950229006238,0.6068958075968488
2009-02-01,WTI Crude Oil,39.09,3.6658666798048634,0.5287783830152939
2009-02-01,UK Brent Crude Oil,43.32,3.76861442213279,0.5681073198337485
2009-01-01,WTI Crude Oil,41.71,3.730740908208854,0.5536104072743132
2009-01-01,UK Brent Crude Oil,43.44,3.77138067562568,0.5691661636232157
2008-12-01,UK Brent Crude Oil,39.95,3.6876286722122837,0.5371082597117914
2008-12-01,WTI Crude Oil,41.12,3.7164946211469094,0.5481573305344996
2008-11-01,UK Brent Crude Oil,52.45,3.9598603348423063,0.6413108593697789
2008-11-01,WTI Crude Oil,57.31,4.048475128563646,0.6752301022113776
2008-10-01,UK Brent Crude Oil,71.58,4.2708157053378795,0.7603358018405156
2008-10-01,WTI Crude Oil,76.61,4.33872761652873,0.7863305653645751
2008-09-01,UK Brent Crude Oil,97.23,4.577079305821566,0.8775648671252085
2008-09-01,WTI Crude Oil,104.11,4.645448032486661,0.9037344867241289
2008-08-01,WTI Crude Oil,116.67,4.759349436835766,0.9473327306727128
2008-08-01,UK Brent Crude Oil,113.24,4.7295094602436984,0.9359108295441407
2008-07-01,UK Brent Crude Oil,132.72,4.888241645882189,0.9966690317059671
2008-07-01,WTI Crude Oil,133.37,4.8931272206343035,0.9985390918785253
2008-06-01,WTI Crude Oil,133.88,4.8969438763431254,1.0
2008-06-01,UK Brent Crude Oil,132.32,4.885223231275381,0.9955136677566144
2008-05-01,WTI Crude Oil,125.4,4.83150862819882,0.9749532332131078
2008-05-01,UK Brent Crude Oil,122.8,4.810557015713042,0.9669335470863989
2008-04-01,WTI Crude Oil,112.58,4.7236640800358805,0.9336733829232757
2008-04-01,UK Brent Crude Oil,109.07,4.691989877940651,0.9215493920232865
2008-03-01,WTI Crude Oil,105.45,4.658236906924784,0.9086297070312652
2008-03-01,UK Brent Crude Oil,103.64,4.640923355693909,0.9020025681079695
2008-02-01,WTI Crude Oil,95.39,4.557973751157117,0.8702517998474721
2008-02-01,UK Brent Crude Oil,94.99,4.553771622902091,0.8686433437111077
2008-01-01,UK Brent Crude Oil,92.18,4.523743187292363,0.8571493057877941
2008-01-01,WTI Crude Oil,92.97,4.532276860467767,0.8604157551086332
2007-12-01,UK Brent Crude Oil,90.93,4.510089979737821,0.8519232431501544
2007-12-01,WTI Crude Oil,91.69,4.518413322061809,0.8551091837553867
2007-11-01,UK Brent Crude Oil,92.41,4.526235197899949,0.8581031771383087
2007-11-01,WTI Crude Oil,94.77,4.551452903482104,0.8677558033379348
2007-10-01,WTI Crude Oil,85.8,4.4520190064939165,0.829695313018059
2007-10-01,UK Brent Crude Oil,82.34,4.410857016341759,0.813939664540165
2007-09-01,WTI Crude Oil,79.92,4.381026134340298,0.8025212445642805
2007-09-01,UK Brent Crude Oil,77.17,4.346010780469512,0.7891183550325103
2007-08-01,WTI Crude Oil,72.36,4.281653660527095,0.7644842653027832
2007-08-01,UK Brent Crude Oil,70.76,4.259293869291585,0.7559255680813048
2007-07-01,WTI Crude Oil,74.12,4.3056854014171595,0.7736829376793143
2007-07-01,UK Brent Crude Oil,76.93,4.342895917470844,0.7879260733599672
2007-06-01,WTI Crude Oil,67.49,4.211979438755315,0.7378149390105155
2007-06-01,UK Brent Crude Oil,71.05,4.263383854543109,0.7574910990399534
2007-05-01,UK Brent Crude Oil,67.21,4.2078220459818745,0.7362236063543264
2007-05-01,WTI Crude Oil,63.46,4.150409786155049,0.7142478131332212
2007-04-01,UK Brent Crude Oil,67.49,4.211979438755315,0.7378149390105155
2007-04-01,WTI Crude Oil,63.98,4.158570534521372,0.7173715173589167
2007-03-01,UK Brent Crude Oil,62.05,4.127940511650616,0.705647208805381
2007-03-01,WTI Crude Oil,60.44,4.101651137404539,0.6955843780774726
2007-02-01,WTI Crude Oil,59.28,4.082271980987832,0.6881665837684247
2007-02-01,UK Brent Crude Oil,57.56,4.052827882019167,0.6768962134247232
2007-01-01,UK Brent Crude Oil,53.68,3.9830404926634264,0.6501835697742474
2007-01-01,WTI Crude Oil,54.51,3.9983841710761894,0.6560566969611425
2006-12-01,WTI Crude Oil,61.96,4.1264890155486675,0.705091617050347
2006-12-01,UK Brent Crude Oil,62.47,4.134686441505479,0.7082293604228528
2006-11-01,UK Brent Crude Oil,58.76,4.073461351305676,0.6847941233109055
2006-11-01,WTI Crude Oil,59.08,4.078892457663179,0.6868729975902724
2006-10-01,WTI Crude Oil,58.89,4.07567129695648,0.6856400281541991
2006-10-01,UK Brent Crude Oil,57.81,4.057161771094385,0.6785551038855319
2006-09-01,UK Brent Crude Oil,61.96,4.1264890155486675,0.705091617050347
2006-09-01,WTI Crude Oil,63.8,4.155753190350744,0.7162931174994935
2006-08-01,WTI Crude Oil,73.04,4.291007236286713,0.7680645501999696
2006-08-01,UK Brent Crude Oil,73.23,4.2936051730729785,0.7690589671030609
2006-07-01,WTI Crude Oil,74.41,4.309590341409169,0.7751776385335234
2006-07-01,UK Brent Crude Oil,73.67,4.299595660694722,0.7713519567478878
2006-06-01,UK Brent Crude Oil,68.56,4.227709274289524,0.7438358762483886
2006-06-01,WTI Crude Oil,70.95,4.261975403606051,0.7569519837595547
2006-05-01,UK Brent Crude Oil,69.78,4.245347435758628,0.7505872668122622
2006-05-01,WTI Crude Oil,70.84,4.260423812914633,0.7563580786197596
2006-04-01,UK Brent Crude Oil,70.26,4.252202646837681,0.7532112481990723
2006-04-01,WTI Crude Oil,69.44,4.240463070352095,0.7487176695430716
2006-03-01,UK Brent Crude Oil,62.06,4.128101659020234,0.7057088914718278
2006-03-01,WTI Crude Oil,62.69,4.138201945285877,0.7095749960828854
2006-02-01,WTI Crude Oil,61.63,4.121148764974151,0.7030475198012848
2006-02-01,UK Brent Crude Oil,60.21,4.097838451476356,0.6941249894760225
2006-01-01,UK Brent Crude Oil,62.99,4.142975983633837,0.7114023632668435
2006-01-01,WTI Crude Oil,65.49,4.181897459229962,0.7263004059869992
2005-12-01,WTI Crude Oil,59.41,4.08446256236765,0.6890050765151322
2005-12-01,UK Brent Crude Oil,56.86,4.040592106222854,0.6722127036724396
2005-11-01,UK Brent Crude Oil,55.24,4.0116873285410914,0.6611487703008493
2005-11-01,WTI Crude Oil,58.32,4.065945087700403,0.681917109668122
2005-10-01,UK Brent Crude Oil,58.54,4.06971028126374,0.6833583195322681
2005-10-01,WTI Crude Oil,62.26,4.131319165013462,0.706940461986699
2005-09-01,WTI Crude Oil,65.59,4.183423245305645,0.7268844338479471
2005-09-01,UK Brent Crude Oil,62.91,4.141705133581938,0.7109159177229857
2005-08-01,WTI Crude Oil,64.99,4.174233411906258,0.7233668249063988
2005-08-01,UK Brent Crude Oil,63.98,4.158570534521372,0.7173715173589167
2005-07-01,WTI Crude Oil,59.0,4.07753744390572,0.6863543365545371
2005-07-01,UK Brent Crude Oil,57.52,4.052132713412791,0.6766301224958242
2005-06-01,WTI Crude Oil,56.35,4.031582240485785,0.6687639812743843
2005-06-01,UK Brent Crude Oil,54.35,3.9954446135672184,0.6549315172839526
2005-05-01,WTI Crude Oil,49.83,3.908617212293313,0.6216964378413956
2005-05-01,UK Brent Crude Oil,48.65,3.884651808632014,0.6125231574843846
2005-04-01,WTI Crude Oil,52.98,3.9699144838439238,0.6451593039378936
2005-04-01,UK Brent Crude Oil,51.88,3.948933359448243,0.6371283214847289
2005-03-01,UK Brent Crude Oil,53.1,3.9721769282478934,0.6460253038226891
2005-03-01,WTI Crude Oil,54.19,3.9924963895780228,0.6538030203226504
2005-02-01,WTI Crude Oil,48.15,3.8743211382441345,0.6085688683314369
2005-02-01,UK Brent Crude Oil,45.48,3.8172726688823353,0.586732323836289
2005-01-01,UK Brent Crude Oil,44.51,3.795713883027763,0.5784802288749129
2005-01-01,WTI Crude Oil,46.84,3.8467375387295166,0.5980106446862531
2004-12-01,UK Brent Crude Oil,39.6,3.6788291182604347,0.5337400387313408
2004-12-01,WTI Crude Oil,43.15,3.764682417529437,0.5666022594099234
2004-11-01,UK Brent Crude Oil,43.11,3.763754988759043,0.5662472658432713
2004-11-01,WTI Crude Oil,48.47,3.8809450498572846,0.6111043148086273
2004-10-01,UK Brent Crude Oil,49.78,3.907613296939446,0.6213121673685972
2004-10-01,WTI Crude Oil,53.28,3.9755610262321337,0.6473206410514611
2004-09-01,WTI Crude Oil,45.94,3.8273361972609523,0.5905843585652875
2004-09-01,UK Brent Crude Oil,43.2,3.765840495250065,0.5670455388871509
2004-08-01,UK Brent Crude Oil,42.74,3.755135249891002,0.5629478730035647
2004-08-01,WTI Crude Oil,44.9,3.8044377947482086,0.5818194961433668
2004-07-01,UK Brent Crude Oil,38.22,3.643358938812127,0.5201630548010322
2004-07-01,WTI Crude Oil,40.78,3.708191765146309,0.5449792315158549
2004-06-01,UK Brent Crude Oil,35.18,3.560477739309412,0.48843847005758684
2004-06-01,WTI Crude Oil,38.03,3.638375321940168,0.5182554668711769
2004-05-01,WTI Crude Oil,40.28,3.6958550678503617,0.54025709186093
2004-05-01,UK Brent Crude Oil,37.57,3.6262058595858777,0.5135973400335192
2004-04-01,WTI Crude Oil,36.75,3.6041382256588457,0.5051504723867433
2004-04-01,UK Brent Crude Oil,33.59,3.5142284036242013,0.47073552924499085
2004-03-01,WTI Crude Oil,36.74,3.6038660797869797,0.5050463026253692
2004-03-01,UK Brent Crude Oil,33.63,3.515418525752178,0.47119107441724445
2004-02-01,UK Brent Crude Oil,30.86,3.4294608469350147,0.4382889001926106
2004-02-01,WTI Crude Oil,34.69,3.5464514609816584,0.4830696064538525
2004-01-01,WTI Crude Oil,34.31,3.5354368568703585,0.47885352676821774
2004-01-01,UK Brent Crude Oil,31.28,3.4429789156771102,0.44346323550567857
2003-12-01,UK Brent Crude Oil,29.81,3.39484390768998,0.4250385125386308
2003-12-01,WTI Crude Oil,32.13,3.4697901731277674,0.4537258283997865
2003-11-01,UK Brent Crude Oil,28.75,3.3586377672433594,0.4111798235027141
2003-11-01,WTI Crude Oil,31.11,3.4375293109095457,0.4413772805568578
2003-10-01,WTI Crude Oil,30.34,3.4124669739203863,0.43178412507103103
2003-10-01,UK Brent Crude Oil,29.61,3.3881121421135,0.42246178260729034
2003-09-01,WTI Crude Oil,28.31,3.343215099123808,0.40527646128469125
2003-09-01,UK Brent Crude Oil,27.11,3.299902663510574,0.38869768295738116
2003-08-01,WTI Crude Oil,31.57,3.4522073025699003,0.4469956016367458
2003-08-01,UK Brent Crude Oil,29.89,3.3975239762958465,0.4260643671849825
2003-07-01,WTI Crude Oil,30.76,3.4262151446374434,0.4370465369279727
2003-07-01,UK Brent Crude Oil,28.35,3.3446270301737613,0.40581690865411757
2003-06-01,WTI Crude Oil,30.66,3.422958873443668,0.43580012818806074
2003-06-01,UK Brent Crude Oil,27.65,3.3196257279683437,0.3962471155614599
2003-05-01,UK Brent Crude Oil,25.86,3.2526973733437115,0.37062882974069356
2003-05-01,WTI Crude Oil,28.11,3.3361253849184407,0.4025627187174445
2003-04-01,UK Brent Crude Oil,25.0,3.2188758248682006,0.3576828952319785
2003-04-01,WTI Crude Oil,28.17,3.338257581888281,0.4033788635592817
2003-03-01,WTI Crude Oil,33.51,3.511843901749219,0.4698228092040448
2003-03-01,UK Brent Crude Oil,30.61,3.421326752957321,0.4351753985148502
2003-02-01,UK Brent Crude Oil,32.77,3.489513462710723,0.4612753471754348
2003-02-01,WTI Crude Oil,35.83,3.5787855313168624,0.495446176298454
2003-01-01,WTI Crude Oil,32.95,3.4949912609485163,0.46337209378920297
2003-01-01,UK Brent Crude Oil,31.18,3.4397768636296306,0.44223758032521915
2002-12-01,UK Brent Crude Oil,28.33,3.3439213138424253,0.40554678035369923
2002-12-01,WTI Crude Oil,29.46,3.3830334110344844,0.42051778764254416
2002-11-01,UK Brent Crude Oil,24.34,3.1921210875593813,0.3474419366534959
2002-11-01,WTI Crude Oil,26.35,3.2714682749873716,0.37781380128403697
2002-10-01,WTI Crude Oil,28.84,3.3617633124167483,0.41237619401035125
2002-10-01,UK Brent Crude Oil,27.54,3.315639493300509,0.39472129739900874
2002-09-01,UK Brent Crude Oil,28.4,3.3463891451671604,0.4064913965569375
2002-09-01,WTI Crude Oil,29.66,3.389799336709786,0.42310759309591384
2002-08-01,UK Brent Crude Oil,26.65,3.2827891506118534,0.382147113063714
2002-08-01,WTI Crude Oil,28.39,3.34603697048488,0.4063565940248851
2002-07-01,WTI Crude Oil,26.97,3.2947251371516386,0.38671587194691087
2002-07-01,UK Brent Crude Oil,25.74,3.2480462021679806,0.3688484926436669
2002-06-01,UK Brent Crude Oil,24.08,3.1813816204406202,0.34333117164583665
2002-06-01,WTI Crude Oil,25.52,3.239462458476589,0.36556287774200713
2002-05-01,UK Brent Crude Oil,25.35,3.232778730037192,0.3630045350714129
2002-05-01,WTI Crude Oil,27.04,3.2973172511747633,0.3877080600605566
2002-04-01,UK Brent Crude Oil,25.73,3.2476576262936527,0.36869975676232913
2002-04-01,WTI Crude Oil,26.18,3.264995760481754,0.37533630534806267
2002-03-01,WTI Crude Oil,24.53,3.199896858270398,0.3504182822945743
2002-03-01,UK Brent Crude Oil,23.7,3.1654750481410856,0.33724258456068235
2002-02-01,UK Brent Crude Oil,20.28,3.0096351787229825,0.2775914794436511
2002-02-01,WTI Crude Oil,20.72,3.031099417391282,0.2858073844096948
2002-01-01,UK Brent Crude Oil,19.42,2.966303462863179,0.26100532118193087
2002-01-01,WTI Crude Oil,19.72,2.9816333491744893,0.266873169141523
2001-12-01,UK Brent Crude Oil,18.71,2.9290581402859983,0.2467488625461214
2001-12-01,WTI Crude Oil,19.39,2.9647574692545606,0.2604135584475145
2001-11-01,WTI Crude Oil,19.64,2.97756830292632,0.2653171841297248
2001-11-01,UK Brent Crude Oil,18.8,2.9338568698359038,0.24858568082554153
2001-10-01,WTI Crude Oil,22.17,3.09874002362822,0.3116983000520471
2001-10-01,UK Brent Crude Oil,20.54,3.0223742045004123,0.28246761908991397
2001-09-01,WTI Crude Oil,26.2,3.265759410767051,0.3756286091314976
2001-09-01,UK Brent Crude Oil,25.62,3.2433732964685884,0.36705983618420485
2001-08-01,UK Brent Crude Oil,25.68,3.2457124788217606,0.36795520919085584
2001-08-01,WTI Crude Oil,27.37,3.309447523052588,0.3923511858895508
2001-07-01,UK Brent Crude Oil,24.61,3.2031528644029645,0.35166458957653385
2001-07-01,WTI Crude Oil,26.43,3.2744997286161976,0.3789741562031325
2001-06-01,UK Brent Crude Oil,27.85,3.326832966373293,0.39900584307645615
2001-06-01,WTI Crude Oil,27.6,3.3178157727231046,0.3955543157600098
2001-05-01,WTI Crude Oil,28.63,3.354455119110024,0.40957882380731664
2001-05-01,UK Brent Crude Oil,28.31,3.343215099123808,0.40527646128469125
2001-04-01,UK Brent Crude Oil,25.66,3.2449333591874905,0.3676569841770893
2001-04-01,WTI Crude Oil,27.49,3.3138223021771545,0.3940257279075705
2001-03-01,UK Brent Crude Oil,24.5,3.1986731175506815,0.3499498688739241
2001-03-01,WTI Crude Oil,27.25,3.305053521109253,0.39066928591886296
2001-02-01,WTI Crude Oil,29.61,3.3881121421135,0.42246178260729034
2001-02-01,UK Brent Crude Oil,27.5,3.3141860046725258,0.3941649429612261
2001-01-01,UK Brent Crude Oil,25.62,3.2433732964685884,0.36705983618420485
2001-01-01,WTI Crude Oil,29.59,3.3874364664121184,0.4222031530124464
2000-12-01,UK Brent Crude Oil,25.66,3.2449333591874905,0.3676569841770893
2000-12-01,WTI Crude Oil,28.44,3.34779660493504,0.4070301324457397
2000-11-01,WTI Crude Oil,34.42,3.5386377907833935,0.480078753958359
2000-11-01,UK Brent Crude Oil,32.55,3.482777368654578,0.458696960424203
2000-10-01,WTI Crude Oil,33.11,3.4998353515591547,0.4652262750028459
2000-10-01,UK Brent Crude Oil,30.96,3.4326960487215263,0.43952724415787825
2000-09-01,UK Brent Crude Oil,33.14,3.500741011998417,0.4655729362665167
2000-09-01,WTI Crude Oil,33.88,3.522824869783854,0.4740260139485468
2000-08-01,UK Brent Crude Oil,30.2,3.407841924380824,0.4300137865993288
2000-08-01,WTI Crude Oil,31.26,3.4423393249933305,0.44321841823746294
2000-07-01,UK Brent Crude Oil,28.68,3.3562000157314196,0.4102467210031362
2000-07-01,WTI Crude Oil,29.7,3.391147045808654,0.42362345811443536
2000-06-01,WTI Crude Oil,31.82,3.4600950229096408,0.45001479843713116
2000-06-01,UK Brent Crude Oil,29.8,3.3945083935113587,0.4249100871773165
2000-05-01,WTI Crude Oil,28.79,3.3600281046240843,0.4117120054248078
2000-05-01,UK Brent Crude Oil,27.74,3.3228754148866853,0.39749100402650583
2000-04-01,UK Brent Crude Oil,22.76,3.1250046092581303,0.3217516423970776
2000-04-01,WTI Crude Oil,25.72,3.2472688993694185,0.3685509630633489
2000-03-01,UK Brent Crude Oil,27.49,3.3138223021771545,0.3940257279075705
2000-03-01,WTI Crude Oil,29.84,3.3958497753355603,0.4254235302936146
2000-02-01,WTI Crude Oil,29.37,3.379973745210529,0.41934663389113735
2000-02-01,UK Brent Crude Oil,27.78,3.3243163373261977,0.3980425484818868
2000-01-01,UK Brent Crude Oil,25.51,3.23907053215372,0.36541285940349794
2000-01-01,WTI Crude Oil,27.26,3.3054204262683866,0.3908097268618462
1999-12-01,UK Brent Crude Oil,25.47,3.2375012889913655,0.36481219739587867
1999-12-01,WTI Crude Oil,26.1,3.261935314328648,0.3741648529086734
1999-11-01,WTI Crude Oil,25.0,3.2188758248682006,0.3576828952319785
1999-11-01,UK Brent Crude Oil,24.58,3.201933104137889,0.35119769976161497
1999-10-01,WTI Crude Oil,22.69,3.1219242987917504,0.32057258645902265
1999-10-01,UK Brent Crude Oil,22.0,3.091042453358316,0.30875188733346426
1999-09-01,WTI Crude Oil,23.8,3.169685580677429,0.33885425761881527
1999-09-01,UK Brent Crude Oil,22.54,3.11529150861163,0.3180337415168977
1999-08-01,WTI Crude Oil,21.28,3.0577676644734435,0.29601523696966475
1999-08-01,UK Brent Crude Oil,20.22,3.006672213592325,0.27645733998930677
1999-07-01,UK Brent Crude Oil,19.08,2.9486406660201405,0.2542445008919823
1999-07-01,WTI Crude Oil,20.1,3.0007198150650303,0.27417892977518166
1999-06-01,UK Brent Crude Oil,15.86,2.7638002162067017,0.18349279182760117
1999-06-01,WTI Crude Oil,17.92,2.8859174075467844,0.2302358072345282
1999-05-01,WTI Crude Oil,17.72,2.8746939451769347,0.2259397825002879
1999-05-01,UK Brent Crude Oil,15.23,2.7232671669070703,0.1679778841629952
1999-04-01,WTI Crude Oil,17.31,2.851284369188118,0.21697925729407375
1999-04-01,UK Brent Crude Oil,15.29,2.727199019940971,0.1694828865703103
1999-03-01,UK Brent Crude Oil,12.51,2.5265283244788197,0.09267180610921479
1999-03-01,WTI Crude Oil,14.68,2.6864860231863696,0.1538991000970142
1999-02-01,UK Brent Crude Oil,10.27,2.329227023940467,0.01715043496018914
1999-02-01,WTI Crude Oil,12.01,2.485739636091892,0.07705904701464251
1999-01-01,WTI Crude Oil,12.52,2.5273273656719524,0.09297765653364319
1999-01-01,UK Brent Crude Oil,11.11,2.4078456036515385,0.04724340911377283
1998-12-01,WTI Crude Oil,11.35,2.4292177439274116,0.055424061413677464
1998-12-01,UK Brent Crude Oil,9.82,2.2844211223663744,0.0
1998-11-01,WTI Crude Oil,13.0,2.5649493574615367,0.10737829351654281
1998-11-01,UK Brent Crude Oil,11.04,2.401525040848949,0.044824076002523014
1998-10-01,WTI Crude Oil,14.46,2.671386216730619,0.14811932021461277
1998-10-01,UK Brent Crude Oil,12.7,2.5416019934645457,0.09844158130553836
1998-09-01,UK Brent Crude Oil,13.34,2.590767040487478,0.11726057415377046
1998-09-01,WTI Crude Oil,15.03,2.710048203764883,0.1629180380345489
1998-08-01,WTI Crude Oil,13.47,2.6004649904222727,0.12097267576897469
1998-08-01,UK Brent Crude Oil,11.91,2.477378383367209,0.0738585953776354
1998-07-01,UK Brent Crude Oil,12.08,2.4915511925066687,0.07928354684184218
1998-07-01,WTI Crude Oil,14.17,2.6511270537025893,0.14036468420342732
1998-06-01,WTI Crude Oil,13.72,2.6188546222977394,0.12801170800227263
1998-06-01,UK Brent Crude Oil,12.21,2.502255288122613,0.08338077263620164
1998-05-01,WTI Crude Oil,14.91,2.702032128776647,0.15984971069614234
1998-05-01,UK Brent Crude Oil,14.36,2.664446563620078,0.1454630168006129
1998-04-01,WTI Crude Oil,15.35,2.731115474033206,0.17098199469722464
1998-04-01,UK Brent Crude Oil,13.53,2.604909442182697,0.1226738865062434
1998-03-01,UK Brent Crude Oil,13.1,2.5726122302071057,0.11031142500177281
1998-03-01,WTI Crude Oil,15.12,2.716018370751387,0.16520324951353643
1998-02-01,WTI Crude Oil,16.06,2.7763317085186157,0.18828949351865387
1998-02-01,UK Brent Crude Oil,14.07,2.644044871126298,0.137653824531292
1998-01-01,UK Brent Crude Oil,15.19,2.7206373166076814,0.16697125166749413
1998-01-01,WTI Crude Oil,16.72,2.8166056076565553,0.20370520581307705
1997-12-01,WTI Crude Oil,18.33,2.9085390618516134,0.23889473825068666
1997-12-01,UK Brent Crude Oil,17.18,2.8437459165561094,0.21409375031790154
1997-11-01,UK Brent Crude Oil,19.17,2.9533465570575532,0.25604578320818394
1997-11-01,WTI Crude Oil,20.19,3.005187432324746,0.2758890076119834
1997-10-01,UK Brent Crude Oil,19.87,2.9892110565637253,0.26977370173122056
1997-10-01,WTI Crude Oil,21.33,3.0601145324832593,0.2969135518288343
1997-09-01,WTI Crude Oil,19.8,2.9856819377004897,0.2684228546016162
1997-09-01,UK Brent Crude Oil,18.46,2.9156062290747062,0.2415998504692636
1997-08-01,WTI Crude Oil,19.95,2.9932291433358724,0.27131171198052106
1997-08-01,UK Brent Crude Oil,18.6,2.9231615807191558,0.24449182591060623
1997-07-01,UK Brent Crude Oil,18.46,2.9156062290747062,0.2415998504692636
1997-07-01,WTI Crude Oil,19.66,2.9785861147190205,0.26570677376723184
1997-06-01,WTI Crude Oil,19.26,2.9580304063699794,0.2578386285739502
1997-06-01,UK Brent Crude Oil,17.58,2.866761892257031,0.222903616439024
1997-05-01,UK Brent Crude Oil,19.02,2.9454910571172443,0.2530389194676284
1997-05-01,WTI Crude Oil,20.82,3.035914063186823,0.28765029497888006
1997-04-01,WTI Crude Oil,19.7,2.9806186357439426,0.2664847654696307
1997-04-01,UK Brent Crude Oil,17.56,2.8656235882069705,0.22246790576499156
1997-03-01,UK Brent Crude Oil,19.13,2.9512577834521614,0.25524625960510244
1997-03-01,WTI Crude Oil,20.97,3.0430928449138284,0.2903981300804416
1997-02-01,UK Brent Crude Oil,20.85,3.0373539482448106,0.28820144235388223
1997-02-01,WTI Crude Oil,22.18,3.099190981922221,0.31187091416356605
1997-01-01,UK Brent Crude Oil,23.54,3.1587011018321305,0.3346497090350457
1997-01-01,WTI Crude Oil,25.13,3.2240623515555007,0.3596681513142098
1996-12-01,UK Brent Crude Oil,23.78,3.1688448912626357,0.3385324654302061
1996-12-01,WTI Crude Oil,25.23,3.2280337626529665,0.36118829543215886
1996-11-01,UK Brent Crude Oil,22.76,3.1250046092581303,0.3217516423970776
1996-11-01,WTI Crude Oil,23.71,3.165896900077314,0.33740405757965847
1996-10-01,UK Brent Crude Oil,24.16,3.184698373066614,0.34460073097156696
1996-10-01,WTI Crude Oil,24.88,3.2140642678709788,0.3558411669676418
1996-09-01,WTI Crude Oil,23.97,3.176803048446293,0.341578623467124
1996-09-01,UK Brent Crude Oil,22.63,3.119276459645446,0.3195590683404631
1996-08-01,UK Brent Crude Oil,20.51,3.0209125720842893,0.28190814743980175
1996-08-01,WTI Crude Oil,21.9,3.086486636822455,0.30700804930222564
1996-07-01,UK Brent Crude Oil,19.57,2.9739977814079848,0.2639504892318909
1996-07-01,WTI Crude Oil,21.3,3.0587070727153796,0.296374815940032
1996-06-01,UK Brent Crude Oil,18.46,2.9156062290747062,0.2415998504692636
1996-06-01,WTI Crude Oil,20.42,3.01651481273652,0.2802248092407085
1996-05-01,UK Brent Crude Oil,19.15,2.952302715626655,0.25564623015958005
1996-05-01,WTI Crude Oil,21.17,3.0525850851467737,0.2940314918257111
1996-04-01,UK Brent Crude Oil,20.9,3.039749158970765,0.28911826144083885
1996-04-01,WTI Crude Oil,23.5,3.1570004211501135,0.3339987364533033
1996-03-01,UK Brent Crude Oil,19.85,2.9882040071331994,0.2693882316223027
1996-03-01,WTI Crude Oil,21.33,3.0601145324832593,0.2969135518288343
1996-02-01,WTI Crude Oil,19.09,2.949164637737656,0.2544450624820079
1996-02-01,UK Brent Crude Oil,18.0,2.8903717578961645,0.2319408068723686
1996-01-01,UK Brent Crude Oil,17.85,2.8820035082256483,0.2287376770019098
1996-01-01,WTI Crude Oil,18.86,2.937043277205311,0.24980534766463686
1995-12-01,WTI Crude Oil,19.03,2.946016681308058,0.25324011357780934
1995-12-01,UK Brent Crude Oil,17.93,2.8864752876170416,0.23044934798528646
1995-11-01,WTI Crude Oil,17.99,2.8898160479624417,0.23172809678864706
1995-11-01,UK Brent Crude Oil,16.86,2.8249439525737094,0.20689688898768732
1995-10-01,WTI Crude Oil,17.43,2.8581928595319295,0.21962363248020197
1995-10-01,UK Brent Crude Oil,16.11,2.779440197188883,0.18947933527813168
1995-09-01,UK Brent Crude Oil,16.7,2.8154087194227095,0.203247070766397
1995-09-01,WTI Crude Oil,18.23,2.9030685886905716,0.23680079546962773
1995-08-01,UK Brent Crude Oil,16.1,2.7788192719904172,0.18924166263106257
1995-08-01,WTI Crude Oil,18.02,2.8914822521801917,0.23236587275259368
1995-07-01,WTI Crude Oil,17.33,2.8524391037275145,0.21742125709585108
1995-07-01,UK Brent Crude Oil,15.85,2.7631695003232895,0.1832513715825709
1995-06-01,UK Brent Crude Oil,17.31,2.851284369188118,0.21697925729407375
1995-06-01,WTI Crude Oil,18.45,2.915064370486536,0.24139244228981516
1995-05-01,UK Brent Crude Oil,18.35,2.9096295745005794,0.23931215572477602
1995-05-01,WTI Crude Oil,19.74,2.9826470340053355,0.267261179094471
1995-04-01,WTI Crude Oil,19.9,2.990719731730447,0.27035118001898856
1995-04-01,UK Brent Crude Oil,18.65,2.9258461460898246,0.24551940179165166
1995-03-01,WTI Crude Oil,18.54,2.919930560137709,0.24325508239266805
1995-03-01,UK Brent Crude Oil,17.01,2.8338014064077703,0.21028727240945014
1995-02-01,UK Brent Crude Oil,17.11,2.839663087904102,0.2125309587036304
1995-02-01,WTI Crude Oil,18.57,2.9215473753646144,0.24387395364438988
1995-01-01,UK Brent Crude Oil,16.55,2.806386101823072,0.1997934673151339
1995-01-01,WTI Crude Oil,18.04,2.8925915146344776,0.23279046712314888
1994-12-01,UK Brent Crude Oil,15.93,2.768204123921957,0.18517848344829682
1994-12-01,WTI Crude Oil,17.16,2.8425810940598164,0.21364788913084778
1994-11-01,WTI Crude Oil,18.07,2.8942531046041373,0.23342647688311383
1994-11-01,UK Brent Crude Oil,17.19,2.844327819394758,0.214316486306617
1994-10-01,UK Brent Crude Oil,16.49,2.8027541365715076,0.19840325348980517
1994-10-01,WTI Crude Oil,17.72,2.8746939451769347,0.2259397825002879
1994-09-01,UK Brent Crude Oil,15.9,2.766319109226186,0.18445695300692494
1994-09-01,WTI Crude Oil,17.45,2.859339648648436,0.22006259099827077
1994-08-01,UK Brent Crude Oil,16.89,2.826721730819709,0.20757737234167659
1994-08-01,WTI Crude Oil,18.38,2.911263116927541,0.2399374296767349
1994-07-01,WTI Crude Oil,19.66,2.9785861147190205,0.26570677376723184
1994-07-01,UK Brent Crude Oil,17.6,2.8678989020441064,0.22333883170570248
1994-06-01,WTI Crude Oil,19.06,2.947591898226056,0.2538430621705441
1994-06-01,UK Brent Crude Oil,16.76,2.818995095053937,0.20461983417133509
1994-05-01,UK Brent Crude Oil,16.19,2.784393767689544,0.19137542230478843
1994-05-01,WTI Crude Oil,17.89,2.884241897520628,0.22959446926967944
1994-04-01,UK Brent Crude Oil,15.23,2.7232671669070703,0.1679778841629952
1994-04-01,WTI Crude Oil,16.42,2.7985001040242823,0.19677492985482442
1994-03-01,UK Brent Crude Oil,13.82,2.626116818339524,0.13079147175006392
1994-03-01,WTI Crude Oil,14.68,2.6864860231863696,0.1538991000970142
1994-02-01,WTI Crude Oil,14.78,2.6932749155200555,0.15649769653922774
1994-02-01,UK Brent Crude Oil,13.8,2.624668592163159,0.130237131630285
1994-01-01,UK Brent Crude Oil,14.29,2.659559991941776,0.1435925750328374
1994-01-01,WTI Crude Oil,15.03,2.710048203764883,0.1629180380345489
1993-12-01,UK Brent Crude Oil,13.73,2.6195832197798796,0.12829059456164563
1993-12-01,WTI Crude Oil,14.52,2.67552700939665,0.14970429881804426
1993-11-01,WTI Crude Oil,16.61,2.8100049236252036,0.2011786501988516
1993-11-01,UK Brent Crude Oil,15.2,2.7212954278522306,0.16722315808382962
1993-10-01,WTI Crude Oil,18.15,2.8986705607108596,0.2351173544458061
1993-10-01,UK Brent Crude Oil,16.61,2.8100049236252036,0.2011786501988516
1993-09-01,UK Brent Crude Oil,16.01,2.7732135270086236,0.18709594161360515
1993-09-01,WTI Crude Oil,17.5,2.8622008809294686,0.22115778998808897
1993-08-01,WTI Crude Oil,18.01,2.8909271591878647,0.23215339881663194
1993-08-01,UK Brent Crude Oil,16.7,2.8154087194227095,0.203247070766397
1993-07-01,UK Brent Crude Oil,16.78,2.8201877010390604,0.20507633009402443
1993-07-01,WTI Crude Oil,17.89,2.884241897520628,0.22959446926967944
1993-06-01,WTI Crude Oil,19.09,2.949164637737656,0.2544450624820079
1993-06-01,UK Brent Crude Oil,17.65,2.8707357833793057,0.22442470984049806
1993-05-01,UK Brent Crude Oil,18.51,2.9183111265854063,0.24263520891985804
1993-05-01,WTI Crude Oil,19.95,2.9932291433358724,0.27131171198052106
1993-04-01,WTI Crude Oil,20.25,3.0081547935525483,0.27702482976828247
1993-04-01,UK Brent Crude Oil,18.67,2.9269179575536315,0.24592966097970095
1993-03-01,UK Brent Crude Oil,18.79,2.933324813425374,0.2483820246431332
1993-03-01,WTI Crude Oil,20.32,3.011605622710281,0.2783457098075012
1993-02-01,UK Brent Crude Oil,18.47,2.9161477942111484,0.24180714632367017
1993-02-01,WTI Crude Oil,20.09,3.000222178826843,0.2739884486636087
1993-01-01,UK Brent Crude Oil,17.39,2.855895328366192,0.2187442023729463
1993-01-01,WTI Crude Oil,19.03,2.946016681308058,0.25324011357780934
1992-12-01,WTI Crude Oil,19.41,2.9657883971809187,0.2608081685709245
1992-12-01,UK Brent Crude Oil,18.14,2.8981194446869907,0.23490640278116315
1992-11-01,UK Brent Crude Oil,19.21,2.955430976780465,0.25684364026789336
1992-11-01,WTI Crude Oil,20.34,3.012589390620414,0.278722268407282
1992-10-01,UK Brent Crude Oil,20.26,3.0086484988205373,0.2772138062153727
1992-10-01,WTI Crude Oil,21.69,3.076851324838783,0.30331992372743194
1992-09-01,UK Brent Crude Oil,20.27,3.0091419604639085,0.2774026894098329
1992-09-01,WTI Crude Oil,21.88,3.0855729775537806,0.30665832631233636
1992-08-01,WTI Crude Oil,21.34,3.060583245873607,0.2970929620902891
1992-08-01,UK Brent Crude Oil,19.74,2.9826470340053355,0.267261179094471
1992-07-01,UK Brent Crude Oil,20.24,3.0076608444192647,0.2768357599764379
1992-07-01,WTI Crude Oil,21.78,3.0809921175048145,0.3049049023308636
1992-06-01,UK Brent Crude Oil,21.16,3.052112606990099,0.29385064051792603
1992-06-01,WTI Crude Oil,22.39,3.1086144306106633,0.3154779444464978
1992-05-01,UK Brent Crude Oil,19.89,2.9902170928658807,0.2701587840431828
1992-05-01,WTI Crude Oil,20.98,3.043569602968151,0.29058061961229237
1992-04-01,WTI Crude Oil,20.23,3.007166651179654,0.2766465967475785
1992-04-01,UK Brent Crude Oil,18.92,2.9402195636237325,0.2510211404892491
1992-03-01,UK Brent Crude Oil,17.63,2.869601996409779,0.2239907281774481
1992-03-01,WTI Crude Oil,18.92,2.9402195636237325,0.2510211404892491
1992-02-01,WTI Crude Oil,19.01,2.944965156500338,0.25283761954933837
1992-02-01,UK Brent Crude Oil,18.05,2.89314568477889,0.23300258781896632
1992-01-01,WTI Crude Oil,18.79,2.933324813425374,0.2483820246431332
1992-01-01,UK Brent Crude Oil,18.16,2.8992213731731473,0.23532818991564047
1991-12-01,UK Brent Crude Oil,18.41,2.9128939952449864,0.24056168388273674
1991-12-01,WTI Crude Oil,19.5,2.970414465569701,0.262578897029362
1991-11-01,WTI Crude Oil,22.46,3.111735949310297,0.3166727737335852
1991-11-01,UK Brent Crude Oil,21.11,3.0497468618602293,0.2929451000298027
1991-10-01,WTI Crude Oil,23.23,3.145444546782318,0.3295754737849858
1991-10-01,UK Brent Crude Oil,22.21,3.100542637906336,0.31238828993840195
1991-09-01,UK Brent Crude Oil,20.5,3.0204248861443626,0.2817214750216632
1991-09-01,WTI Crude Oil,21.89,3.0860299115347716,0.306833227748236
1991-08-01,UK Brent Crude Oil,19.77,2.9841656371825254,0.2678424575445355
1991-08-01,WTI Crude Oil,21.69,3.076851324838783,0.30331992372743194
1991-07-01,UK Brent Crude Oil,19.4,2.9652730660692823,0.2606109143610417
1991-07-01,WTI Crude Oil,21.4,3.0633909220278057,0.2981676613057983
1991-06-01,UK Brent Crude Oil,18.17,2.89977188240808,0.23553890931859858
1991-06-01,WTI Crude Oil,20.19,3.005187432324746,0.2758890076119834
1991-05-01,UK Brent Crude Oil,19.19,2.9543893100196086,0.25644491962162497
1991-05-01,WTI Crude Oil,21.23,3.055415275715165,0.29511480892374714
1991-04-01,WTI Crude Oil,20.83,3.0363942552728806,0.28783409896119055
1991-04-01,UK Brent Crude Oil,19.18,2.953868069455292,0.2562454034399867
1991-03-01,WTI Crude Oil,19.9,2.990719731730447,0.27035118001898856
1991-03-01,UK Brent Crude Oil,19.08,2.9486406660201405,0.2542445008919823
1991-02-01,WTI Crude Oil,20.48,3.019448800171307,0.28134785685065605
1991-02-01,UK Brent Crude Oil,19.54,2.972463646614637,0.26336326571737306
1991-01-01,UK Brent Crude Oil,23.57,3.1599747169480397,0.3351372129673925
1991-01-01,WTI Crude Oil,25.23,3.2280337626529665,0.36118829543215886
1990-12-01,WTI Crude Oil,27.28,3.3061538329752613,0.39109045425675915
1990-12-01,UK Brent Crude Oil,28.27,3.341801171705499,0.40473524976178415
1990-11-01,WTI Crude Oil,32.33,3.4759955917373415,0.45610108756265055
1990-11-01,UK Brent Crude Oil,33.07,3.4986265269937014,0.46476357106520044
1990-10-01,WTI Crude Oil,36.04,3.584629432740137,0.4976830568823185
1990-10-01,UK Brent Crude Oil,36.02,3.58407433974781,0.49747058294635677
1990-09-01,UK Brent Crude Oil,34.9,3.5524868292083815,0.48537977512799557
1990-09-01,WTI Crude Oil,33.51,3.511843901749219,0.4698228092040448
1990-08-01,UK Brent Crude Oil,27.17,3.3021134234382563,0.3895438994828898
1990-08-01,WTI Crude Oil,27.31,3.3072529354856135,0.3915111596874311
1990-07-01,WTI Crude Oil,18.45,2.915064370486536,0.24139244228981516
1990-07-01,UK Brent Crude Oil,17.17,2.843163674909384,0.2138708846430135
1990-06-01,WTI Crude Oil,16.7,2.8154087194227095,0.203247070766397
1990-06-01,UK Brent Crude Oil,15.1,2.714694743820879,0.16469660246960416
1990-05-01,UK Brent Crude Oil,16.35,2.7942278973432626,0.19513964967419573
1990-05-01,WTI Crude Oil,18.2,2.9014215940827497,0.23617037240237793
1990-04-01,UK Brent Crude Oil,16.61,2.8100049236252036,0.2011786501988516
1990-04-01,WTI Crude Oil,18.43,2.9139797716817317,0.24097728846841646
1990-03-01,UK Brent Crude Oil,18.39,2.91180703861623,0.2401456275528533
1990-03-01,WTI Crude Oil,20.39,3.015044584586364,0.27966204738613015
1990-02-01,WTI Crude Oil,22.11,3.096029994869355,0.3106609775044291
1990-02-01,UK Brent Crude Oil,19.81,2.9861868607104594,0.26861612488383707
1990-01-01,UK Brent Crude Oil,21.25,3.056356895370426,0.29547523436074197
1990-01-01,WTI Crude Oil,22.86,3.1293886583666644,0.3234297327034149
1989-12-01,UK Brent Crude Oil,19.84,2.987700101856727,0.2691953508997499
1989-12-01,WTI Crude Oil,21.1,3.0492730404820207,0.29276373457471244
1989-11-01,UK Brent Crude Oil,18.73,2.930126516455997,0.24715780680062505
1989-11-01,WTI Crude Oil,19.86,2.9887076586170265,0.2695810152001913
1989-10-01,UK Brent Crude Oil,18.91,2.9396908826703663,0.2508187763366072
1989-10-01,WTI Crude Oil,20.1,3.0007198150650303,0.27417892977518166
1989-09-01,WTI Crude Oil,19.59,2.9750192319564492,0.26434147168243977
1989-09-01,UK Brent Crude Oil,17.77,2.87751164216656,0.22701831740886863
1989-08-01,WTI Crude Oil,18.58,2.922085733385692,0.24408002190552114
1989-08-01,UK Brent Crude Oil,16.77,2.8195915758351173,0.20484815018514685
1989-07-01,WTI Crude Oil,19.78,2.984671326194566,0.2680360210307371
1989-07-01,UK Brent Crude Oil,17.62,2.8690346205080335,0.22377355269031338
1989-06-01,WTI Crude Oil,20.05,2.998229153752578,0.27322557489677496
1989-06-01,UK Brent Crude Oil,17.67,2.871868286331605,0.22485820001798096
1989-05-01,UK Brent Crude Oil,18.63,2.924773184613497,0.24510870241125607
1989-05-01,WTI Crude Oil,20.12,3.0017143452315387,0.2745596078630546
1989-04-01,WTI Crude Oil,21.07,3.0478502278160975,0.2922191220297088
1989-04-01,UK Brent Crude Oil,20.32,3.011605622710281,0.2783457098075012
1989-03-01,UK Brent Crude Oil,18.7,2.928523523860541,0.24654422646222757
1989-03-01,WTI Crude Oil,19.48,2.969388298214389,0.26218610911823287
1989-02-01,UK Brent Crude Oil,16.89,2.826721730819709,0.20757737234167659
1989-02-01,WTI Crude Oil,17.94,2.88703285663065,0.23066276967233576
1989-01-01,UK Brent Crude Oil,17.17,2.843163674909384,0.2138708846430135
1989-01-01,WTI Crude Oil,18.02,2.8914822521801917,0.23236587275259368
1988-12-01,UK Brent Crude Oil,15.31,2.7285062096695922,0.16998324191712275
1988-12-01,WTI Crude Oil,16.38,2.7960610784249234,0.19584133967052983
1988-11-01,WTI Crude Oil,14.14,2.6490076604684267,0.13955344027036054
1988-11-01,UK Brent Crude Oil,13.02,2.5664866367804233,0.10796672066671655
1988-10-01,WTI Crude Oil,13.77,2.6224923127405635,0.12940411326928394
1988-10-01,UK Brent Crude Oil,12.41,2.5185025992165158,0.08959978491816974
1988-09-01,WTI Crude Oil,14.54,2.6769034721053733,0.15023116990715848
1988-09-01,UK Brent Crude Oil,13.18,2.578700529074361,0.11264185403171635
1988-08-01,UK Brent Crude Oil,14.89,2.7006898466959175,0.1593359229870453
1988-08-01,WTI Crude Oil,15.52,2.7421295147550726,0.1751978587332799
1988-07-01,UK Brent Crude Oil,14.91,2.702032128776647,0.15984971069614234
1988-07-01,WTI Crude Oil,15.5,2.740840023925201,0.1747042780255487
1988-06-01,WTI Crude Oil,16.53,2.805176911832933,0.19933062350322897
1988-06-01,UK Brent Crude Oil,15.54,2.7434173449395014,0.17569080379278934
1988-05-01,UK Brent Crude Oil,16.31,2.7917784166329223,0.19420205756839998
1988-05-01,WTI Crude Oil,17.42,2.857618971424357,0.21940396430441328
1988-04-01,UK Brent Crude Oil,16.6,2.8094026953624978,0.20094813421127247
1988-04-01,WTI Crude Oil,17.86,2.882563575448353,0.22895205493291626
1988-03-01,UK Brent Crude Oil,14.73,2.689886230474539,0.15520060351281934
1988-03-01,WTI Crude Oil,16.2,2.785011242238338,0.19161177414052047
1988-02-01,UK Brent Crude Oil,15.73,2.7555697170701863,0.18034238897503768
1988-02-01,WTI Crude Oil,16.8,2.8213788864092133,0.20553228224538453
1988-01-01,WTI Crude Oil,17.13,2.8408313123360287,0.21297812205566186
1988-01-01,UK Brent Crude Oil,16.75,2.8183982582710754,0.20439138189012415
1987-12-01,UK Brent Crude Oil,17.05,2.8361502037295256,0.21118632575479612
1987-12-01,WTI Crude Oil,17.28,2.8495497633759097,0.21631529912966432
1987-11-01,WTI Crude Oil,18.85,2.93651291389402,0.24960233955284764
1987-11-01,UK Brent Crude Oil,17.78,2.8780742300857587,0.22723366019137348
1987-10-01,UK Brent Crude Oil,18.76,2.9317269435780786,0.24777040514819745
1987-10-01,WTI Crude Oil,19.86,2.9887076586170265,0.2695810152001913
1987-09-01,WTI Crude Oil,19.53,2.9719517448885875,0.2631673241795357
1987-09-01,UK Brent Crude Oil,18.31,2.907447358686419,0.23847686508057456
1987-08-01,UK Brent Crude Oil,18.98,2.9433857931817817,0.2522330838314572
1987-08-01,WTI Crude Oil,20.31,3.011113375592293,0.27815729149909085
1987-07-01,WTI Crude Oil,21.34,3.060583245873607,0.2970929620902891
1987-07-01,UK Brent Crude Oil,19.86,2.9887076586170265,0.2695810152001913
1987-06-01,WTI Crude Oil,20.07,2.9992261628082466,0.2736072018334786
1987-06-01,UK Brent Crude Oil,18.86,2.937043277205311,0.24980534766463686
1987-05-01,UK Brent Crude Oil,18.58,2.922085733385692,0.24408002190552114
1987-05-01,WTI Crude Oil,19.44,2.967332799032293,0.26139932202557803
